"Timestamp","Name","Gender","Course and Section ","How does the lack of laptops or PCs affect your academic performance as a BSIT 2nd year?","Do you think that a lack of gadgets in BSIT students really has a big impact on their academic performance?","As a BSIT student, what is the biggest disadvantage you ever face for having a lack of laptops or PCs?","What is the biggest challenges you ever face as a BSIT student: a lack of laptops or PCs?",""
"2023/12/31 11:02:29 PM GMT+8","John Wilfred M. Jornadal","Male","BSIT -2D","The lack of laptops or PCs can significantly affect academic performance for a BSIT student. Many courses in information technology require access to computers for programming, software development, and other practical aspects of the curriculum. ","Yes, the lack of gadgets, particularly laptops or PCs, can have a substantial impact on the academic performance of BSIT students. Information technology courses often involve hands-on coding, software development, and other practical tasks that necessitate the use of computers. ","The most significant disadvantage of lacking laptops or PCs as a BSIT student is the hindrance to hands-on learning and practical application of theoretical knowledge. ","The primary challenge faced by BSIT students without access to laptops or PCs is the inability to actively participate in programming and other practical exercises. This lack may lead to difficulties in completing assignments, understanding complex concepts, and hinder the overall learning experience.","0122-2204"
"2024/01/01 7:36:14 PM GMT+8","Philip jullan Bandillo birador","Male","BSIT -2C","Hard","YES","Skills Gap in Technology","Disadvantage in Practical Training",""
"2024/01/01 7:41:48 PM GMT+8","Kim Euzent Dausin","Male","BSIT -2C","Very Hard","YES","Skills Gap in Technology","Disadvantage in Practical Training",""
"2024/01/01 7:48:34 PM GMT+8","Tracy Torres","Female","BSIT -2B","Very Hard","YES","Limited Educational Resources","Disadvantage in Practical Training",""
"2024/01/01 7:49:06 PM GMT+8","Ernesto Candelaria ","Male","BSIT -2C","Hard","YES","Limited Educational Resources","Impaired Ability to Explore Software Tools",""
"2024/01/01 7:53:34 PM GMT+8","Ivan mo","Male","BSIT -2C","Very Hard","NO","Reduced Collaborative Learning Opportunities","Difficulty in Completing Assignments",""
"2024/01/01 8:27:48 PM GMT+8","Salvador, Jobert D. ","Male","BSIT -2C","Hard","YES","Reduced Collaborative Learning Opportunities","Impaired Ability to Explore Software Tools",""
"2024/01/01 8:34:28 PM GMT+8","Casuno, Marc Leanne","Male","BSIT -2C","Very Hard","YES","Limited Educational Resources","Disadvantage in Practical Training",""
"2024/01/02 9:45:16 PM GMT+8","NICK","Male","BSIT -2C","Hard","YES","Reduced Collaborative Learning Opportunities","Impaired Ability to Explore Software Tools",""
"2024/01/02 9:48:46 PM GMT+8","Dexter Rebong","Male","BSIT -2C","Very Hard","YES","Skills Gap in Technology","Disadvantage in Practical Training",""
"2024/01/03 12:03:34 AM GMT+8","Matt Aizen Silverstre","Male","BSIT- 2A","Very Hard","YES","Limited Educational Resources","Difficulty in Completing Assignments",""